Date,portfolio
2014-01-02,565.2938722074032
2014-01-03,564.7887612581253
2014-01-06,566.6224294602871
2014-01-07,574.6183404624462
2014-01-08,576.0779673159122
2014-01-09,576.8940851390362
2014-01-10,577.2912470400333
2014-01-13,568.7820119559765
2014-01-14,574.1812453269958
2014-01-15,577.5013946890831
2014-01-16,576.5455838441849
2014-01-17,577.5192070007324
2014-01-21,580.2956468462944
2014-01-22,582.212090909481
2014-01-23,576.3137149512768
2014-01-24,560.7711494863033
2014-01-27,557.3673761188984
2014-01-28,559.8011087179184
2014-01-29,548.3971567451954
2014-01-30,556.9204729795456
2014-01-31,553.043967872858
2014-02-03,542.3536885082722
2014-02-04,543.6036278605461
2014-02-05,542.7200817167759
2014-02-06,549.1384606361389
2014-02-07,561.1470118463039
2014-02-10,563.3564259111881
2014-02-11,571.3723865449429
2014-02-12,571.7807999253273
2014-02-13,578.7733370065689
2014-02-14,580.6980147361755
2014-02-18,582.5408886671066
2014-02-19,579.1888606846333
2014-02-20,582.7987483143806
2014-02-21,578.7743278443813
2014-02-24,585.1989671885967
2014-02-25,580.1608567237854
2014-02-26,578.1817953288555
2014-02-27,581.9570120871067
2014-02-28,583.3771698772907
2014-03-03,578.7522687911987
2014-03-04,588.5973074436188
2014-03-05,589.7647725939751
2014-03-06,589.1252620518208
2014-03-07,586.3849018514156
2014-03-10,588.9475104808807
2014-03-11,584.7638394534588
2014-03-12,585.6484625935555
2014-03-13,574.8514378070831
2014-03-14,571.6729512810707
2014-03-17,579.1541412472725
2014-03-18,582.9921405613422
2014-03-19,577.3058468401432
2014-03-20,580.6590086519718
2014-03-21,575.6811222136021
2014-03-24,572.7975998222828
2014-03-25,578.2904911339283
2014-03-26,569.3326969444752
2014-03-27,569.2854273617268
2014-03-28,569.2668286263943
2014-03-31,575.3920665681362
2014-04-01,586.1899395883083
2014-04-02,585.3044886887074
2014-04-03,580.9187179505825
2014-04-04,569.1818653941154
2014-04-07,565.8104761838913
2014-04-08,565.5078265666962
2014-04-09,578.4252893924713
2014-04-10,562.1597011387348
2014-04-11,555.9432201087475
2014-04-14,562.2566815018654
2014-04-15,565.0543346703053
2014-04-16,569.3888075351715
2014-04-17,567.1708523333073
2014-04-21,574.3186092078686
2014-04-22,578.8729285597801
2014-04-23,574.9987385869026
2014-04-24,575.1964094340801
2014-04-25,567.179340928793
2014-04-28,566.4945474565029
2014-04-29,573.1757865846157
2014-04-30,577.1983907520771
2014-05-01,576.3445059359074
2014-05-02,575.5583203136921
2014-05-05,579.2659577131271
2014-05-06,572.752397030592
2014-05-07,574.0508584678173
2014-05-08,573.1192499697208
2014-05-09,575.2182759344578
2014-05-12,582.6868006885052
2014-05-13,582.6283759772778
2014-05-14,578.7776519954205
2014-05-15,570.7593001127243
2014-05-16,572.7039870619774
2014-05-19,576.3457006514072
2014-05-20,571.0732408463955
2014-05-21,577.770634740591
2014-05-22,579.2666032910347
2014-05-23,581.4496023952961
2014-05-27,589.0796357095242
2014-05-28,588.385376304388
2014-05-29,590.928779900074
2014-05-30,591.2708810567856
2014-06-02,593.0400076508522
2014-06-03,592.9434323906898
2014-06-04,595.2058651149273
2014-06-05,597.4702638685703
2014-06-06,601.3494572937489
2014-06-09,600.4105877280235
2014-06-10,602.726803123951
2014-06-11,598.998190164566
2014-06-12,594.3170935213566
2014-06-13,596.9975635111332
2014-06-16,597.7439699470997
2014-06-17,598.3174989819527
2014-06-18,602.6658580303192
2014-06-19,600.8407356142998
2014-06-20,601.9333622455597
2014-06-23,600.3213046193123
2014-06-24,598.4356876313686
2014-06-25,598.9937763512135
2014-06-26,598.4485001266003
2014-06-27,600.3570056557655
2014-06-30,600.0962913930416
2014-07-01,608.0828540921211
2014-07-02,607.9010826945305
2014-07-03,610.5929018557072
2014-07-07,606.6976506412029
2014-07-08,600.6184638440609
2014-07-09,603.8227545619011
2014-07-10,602.3098497390747
2014-07-11,605.7838248610497
2014-07-14,610.6869984567165
2014-07-15,607.4147970378399
2014-07-16,612.8225686848164
2014-07-17,603.6834827065468
2014-07-18,609.5422527194023
2014-07-21,609.9919691979885
2014-07-22,616.561756581068
2014-07-23,616.7883549630642
2014-07-24,619.4564317762852
2014-07-25,616.7129420340061
2014-07-28,615.5988234877586
2014-07-29,612.3825554847717
2014-07-30,617.9535365998745
2014-07-31,604.7653858959675
2014-08-01,600.6066519618034
2014-08-04,605.4338510036469
2014-08-05,601.1944878995419
2014-08-06,598.4643672704697
2014-08-07,596.5198454260826
2014-08-08,601.4856160879135
2014-08-11,603.6517426371574
2014-08-12,602.4595701098442
2014-08-13,607.7585034370422
2014-08-14,613.2227640450001
2014-08-15,612.1121506989002
2014-08-18,618.2699566483498
2014-08-19,621.562760591507
2014-08-20,623.716292142868
2014-08-21,625.3022488951683
2014-08-22,624.6980483829975
2014-08-25,628.5302239358425
2014-08-26,631.599448621273
2014-08-27,630.5979185700417
2014-08-28,628.7186408936977
2014-08-29,630.4986228346825
2014-09-02,628.4782629013062
2014-09-03,628.6135213971138
2014-09-04,625.6127955913544
2014-09-05,628.2588271796703
2014-09-08,631.0356781184673
2014-09-09,625.8762374520302
2014-09-10,630.9660356938839
2014-09-11,630.6896080076694
2014-09-12,626.7165328860283
2014-09-15,621.7398663759232
2014-09-16,628.4952468574047
2014-09-17,631.4946530163288
2014-09-18,636.1239922046661
2014-09-19,637.8825733959675
2014-09-22,631.9563221633434
2014-09-23,629.8380625545979
2014-09-24,634.4161194264889
2014-09-25,623.3634881973267
2014-09-26,632.3696612417698
2014-09-29,631.4875282645226
2014-09-30,629.6678965985775
2014-10-01,618.5077746808529
2014-10-02,617.1353774666786
2014-10-03,623.6059826016426
2014-10-06,621.4280925691128
2014-10-07,610.8976104259491
2014-10-08,622.8344444036484
2014-10-09,610.8717131912708
2014-10-10,600.9749379754066
2014-10-13,592.0451519489288
2014-10-14,593.7929043769836
2014-10-15,586.1432943940163
2014-10-16,583.5817948281765
2014-10-17,597.0609820485115
2014-10-20,596.7488908171654
2014-10-21,607.5377821922302
2014-10-22,598.2423628270626
2014-10-23,606.4710708856583
2014-10-24,608.1964576542377
2014-10-27,609.6282442510128
2014-10-28,622.2518501579762
2014-10-29,618.3328059017658
2014-10-30,618.751500338316
2014-10-31,624.9714329838753
2014-11-03,625.5409214198589
2014-11-04,625.3962130248547
2014-11-05,623.4200794398785
2014-11-06,624.9257716834545
2014-11-07,625.9633173644543
2014-11-10,628.9014019370079
2014-11-11,628.293377995491
2014-11-12,627.3981260061264
2014-11-13,630.064894169569
2014-11-14,629.5269779860973
2014-11-17,629.4425578117371
2014-11-18,634.2696843445301
2014-11-19,634.1389221251011
2014-11-20,636.0631758272648
2014-11-21,638.5111073553562
2014-11-24,644.3498264551163
2014-11-25,644.2481286525726
2014-11-26,649.8051174283028
2014-11-28,650.9591202139854
2014-12-01,644.8002744913101
2014-12-02,650.1605954170227
2014-12-03,648.8910382986069
2014-12-04,646.8895213603973
2014-12-05,651.0091958642006
2014-12-08,648.9581229388714
2014-12-09,646.9838110208511
2014-12-10,634.3108069002628
2014-12-11,636.4966105520725
2014-12-12,625.0113665163517
2014-12-15,616.9113576412201
2014-12-16,612.87973305583
2014-12-17,624.0259160995483
2014-12-18,639.5668912231922
2014-12-19,642.9989593029022
2014-12-22,645.9157987535
2014-12-23,642.5867780148983
2014-12-24,645.7861397266388
2014-12-26,649.6126611828804
2014-12-29,648.0312007665634
2014-12-30,643.7176036536694
2014-12-31,637.4945383965969
2015-01-02,638.8358760774136
2015-01-05,628.0852112174034
2015-01-06,616.5310468375683
2015-01-07,624.3716035783291
2015-01-08,635.4101955294609
2015-01-09,632.1455216705799
2015-01-12,625.755086183548
2015-01-13,624.040119767189
2015-01-14,618.7126711308956
2015-01-15,610.4772897958755
2015-01-16,619.565342605114
2015-01-20,622.0456804335117
2015-01-21,622.8365941643715
2015-01-22,629.3959523141384
2015-01-23,628.7137621045113
2015-01-26,627.9020962119102
2015-01-27,618.0142044126987
2015-01-28,618.9580032229424
2015-01-29,633.9692066013813
2015-01-30,621.6054562330246
2015-02-02,624.9576887786388
2015-02-03,631.5882273614407
2015-02-04,630.4463874399662
2015-02-05,636.7050285041332
2015-02-06,632.0739997625351
2015-02-09,629.2328823506832
2015-02-10,639.5441238880157
2015-02-11,642.0359332561493
2015-02-12,639.660572886467
2015-02-13,640.4825467467308
2015-02-17,643.043972492218
2015-02-18,647.5842299461365
2015-02-19,651.2134935855865
2015-02-20,658.8779146075249
2015-02-23,654.8941085338593
2015-02-24,655.0302875638008
2015-02-25,653.9268987178802
2015-02-26,653.961531162262
2015-02-27,649.4170050621033
2015-03-02,655.2155864238739
2015-03-03,654.3577575683594
2015-03-04,651.8773768544197
2015-03-05,653.4569532871246
2015-03-06,642.9968743920326
2015-03-09,645.5932114720345
2015-03-10,633.9591620564461
2015-03-11,631.3379094600677
2015-03-12,637.1305055618286
2015-03-13,632.9645970463753
2015-03-16,644.6300562620163
2015-03-17,645.6023187041283
2015-03-18,655.2631973624229
2015-03-19,656.3413587212563
2015-03-20,663.400114774704
2015-03-23,660.1767852902412
2015-03-24,656.8936114907265
2015-03-25,640.489436507225
2015-03-26,640.3185512423515
2015-03-27,643.2781642079353
2015-03-30,650.207013130188
2015-03-31,641.766121506691
2015-04-01,637.003781080246
2015-04-02,638.0119389891624
2015-04-06,642.4970589876175
2015-04-07,643.2088158726692
2015-04-08,647.291094481945
2015-04-09,649.9578437805176
2015-04-10,653.8167371153831
2015-04-13,651.8140657544136
2015-04-14,652.266769349575
2015-04-15,656.2865495085716
2015-04-16,656.6912410259247
2015-04-17,644.6912932395935
2015-04-20,656.0043302178383
2015-04-21,657.5062081813812
2015-04-22,660.709270298481
2015-04-23,660.5641714334488
2015-04-24,656.690582215786
2015-04-27,653.1686480045319
2015-04-28,653.6890488266945
2015-04-29,650.260374546051
2015-04-30,639.9220497608185
2015-05-01,647.506849527359
2015-05-04,648.6791325211525
2015-05-05,641.1175321936607
2015-05-06,638.7730084657669
2015-05-07,639.0594034194946
2015-05-08,649.1665390729904
2015-05-11,647.6822655797005
2015-05-12,643.251730799675
2015-05-13,646.6947064995766
2015-05-14,656.9110237956047
2015-05-15,654.1332880854607
2015-05-18,656.201192677021
2015-05-19,655.5638923048973
2015-05-20,655.4358825087547
2015-05-21,657.0044246912003
2015-05-22,654.4837189912796
2015-05-26,643.9253539443016
2015-05-27,649.6855395436287
2015-05-28,646.1904956102371
2015-05-29,640.5602468252182
2015-06-01,643.0478454232216
2015-06-02,643.6281032562256
2015-06-03,646.1484380364418
2015-06-04,640.937962114811
2015-06-05,637.963908970356
2015-06-08,632.6384811401367
2015-06-09,630.5135761499405
2015-06-10,638.301833987236
2015-06-11,641.046957552433
2015-06-12,636.2097417712212
2015-06-15,633.1718564629555
2015-06-16,634.5921957492828
2015-06-17,637.7141544222832
2015-06-18,645.7448613643646
2015-06-19,643.6590398550034
2015-06-22,649.7397900223732
2015-06-23,651.6266127228737
2015-06-24,648.3013157248497
2015-06-25,644.4606673121452
2015-06-26,637.9685094356537
2015-06-29,621.0560375154018
2015-06-30,622.5225206017494
2015-07-01,628.2166327238083
2015-07-02,628.7725008130074
2015-07-06,627.5148474574089
2015-07-07,629.9173682928085
2015-07-08,619.840744882822
2015-07-09,619.2544903457165
2015-07-10,629.7017585635185
2015-07-13,638.9790458083153
2015-07-14,644.456605553627
2015-07-15,643.472222507
2015-07-16,650.6796625256538
2015-07-17,654.7643772959709
2015-07-20,657.6173285245895
2015-07-21,648.5809816122055
2015-07-22,644.6392888724804
2015-07-23,641.9801787436008
2015-07-24,633.3885839879513
2015-07-27,631.276005834341
2015-07-28,642.8481169641018
2015-07-29,647.4996284544468
2015-07-30,645.0411140620708
2015-07-31,647.0209278464317
2015-08-03,643.8401232361794
2015-08-04,641.2755769193172
2015-08-05,647.7153233289719
2015-08-06,639.0597126483917
2015-08-07,641.5688942670822
2015-08-10,647.8799657225609
2015-08-11,640.3735262751579
2015-08-12,642.6783244013786
2015-08-13,640.6743457317352
2015-08-14,641.4614919424057
2015-08-17,642.6278732419014
2015-08-18,640.5710451006889
2015-08-19,634.6907606720924
2015-08-20,615.1115410923958
2015-08-21,593.2990538477898
2015-08-24,570.6941598653793
2015-08-25,564.4795610010624
2015-08-26,587.9870885014534
2015-08-27,600.454815030098
2015-08-28,603.442965388298
2015-08-31,596.985288798809
2015-09-01,579.2883418798447
2015-09-02,593.332988858223
2015-09-03,591.4496477246284
2015-09-04,583.8335300087929
2015-09-08,601.4287372231483
2015-09-09,594.8650931715965
2015-09-10,600.522639632225
2015-09-11,602.8837801814079
2015-09-14,599.4567928314209
2015-09-15,605.932180583477
2015-09-16,608.9867875576019
2015-09-17,610.8296808600426
2015-09-18,601.1508218050003
2015-09-21,602.3064910173416
2015-09-22,592.9060361385345
2015-09-23,590.3765186071396
2015-09-24,587.7159703373909
2015-09-25,584.2145888209343
2015-09-28,567.5117627382278
2015-09-29,566.6526857018471
2015-09-30,580.5510001182556
2015-10-01,581.3395119905472
2015-10-02,590.1284325122833
2015-10-05,602.9690852165222
2015-10-06,601.531038403511
2015-10-07,611.9011810421944
2015-10-08,617.078796684742
2015-10-09,618.1043518185616
2015-10-12,621.2747859954834
2015-10-13,614.648034453392
2015-10-14,608.6821215748787
2015-10-15,617.9281234741211
2015-10-16,620.2359423041344
2015-10-19,623.1910077929497
2015-10-20,611.8269436955452
2015-10-21,612.9664622545242
2015-10-22,622.4887152314186
2015-10-23,631.7639163732529
2015-10-26,632.2327717542648
2015-10-27,631.5352281332016
2015-10-28,636.5928946137428
2015-10-29,633.5584418773651
2015-10-30,628.288606107235
2015-11-02,635.4595016241074
2015-11-03,637.6462234854698
2015-11-04,638.5973589420319
2015-11-05,639.8256546258926
2015-11-06,637.3179438710213
2015-11-09,630.1498993039131
2015-11-10,628.5056765079498
2015-11-11,626.654364824295
2015-11-12,615.8874777555466
2015-11-13,609.1379181742668
2015-11-16,616.2756406068802
2015-11-17,621.9854148626328
2015-11-18,634.1006087064743
2015-11-19,635.0742484927177
2015-11-20,636.8650441169739
2015-11-23,636.7433443665504
2015-11-24,636.4483324289322
2015-11-25,635.5522390007973
2015-11-27,634.9556119441986
2015-11-30,631.1700024008751
2015-12-01,639.4066219329834
2015-12-02,632.593558371067
2015-12-03,622.490765452385
2015-12-04,635.250085413456
2015-12-07,629.8543951511383
2015-12-08,626.1125971674919
2015-12-09,620.7106457352638
2015-12-10,625.8721067905426
2015-12-11,612.3095433115959
2015-12-14,616.0741523504257
2015-12-15,625.8925528526306
2015-12-16,633.4495881199837
2015-12-17,624.0041795372963
2015-12-18,609.9019439816475
2015-12-21,614.2665979266167
2015-12-22,622.0504454374313
2015-12-23,625.857745885849
2015-12-24,626.2717955708504
2015-12-28,625.0436483025551
2015-12-29,634.4492266774178
2015-12-30,629.8182551264763
2015-12-31,623.0396395921707
2016-01-04,610.6128185987473
2016-01-05,610.4472980499268
2016-01-06,603.0000237226486
2016-01-07,584.7321608662605
2016-01-08,577.2440612316132
2016-01-11,577.1911669373512
2016-01-12,583.9018194079399
2016-01-13,567.1536166071892
2016-01-14,581.1041001081467
2016-01-15,565.3829389810562
2016-01-19,564.1747542023659
2016-01-20,557.1220400929451
2016-01-21,558.653771340847
2016-01-22,561.4905268549919
2016-01-25,556.065488576889
2016-01-26,562.1549053192139
2016-01-27,543.1530571579933
2016-01-28,557.2216661572456
2016-01-29,571.682570874691
2016-02-01,576.4461346268654
2016-02-02,564.2221282720566
2016-02-03,568.9050979018211
2016-02-04,571.4583032727242
2016-02-05,559.064485669136
2016-02-08,547.7220625281334
2016-02-09,544.1433200836182
2016-02-10,541.7782360911369
2016-02-11,530.3041306734085
2016-02-12,538.6025828123093
2016-02-16,546.9332552552223
2016-02-17,561.9691537022591
2016-02-18,563.5957153439522
2016-02-19,563.1536526679993
2016-02-22,569.4302319288254
2016-02-23,562.7533063292503
2016-02-24,563.2254574298859
2016-02-25,568.13350212574
2016-02-26,568.2597925066948
2016-02-29,562.4743282794952
2016-03-01,577.7349584698677
2016-03-02,579.7240993976593
2016-03-03,580.9053183794022
2016-03-04,582.0894939303398
2016-03-07,584.6235458254814
2016-03-08,579.2438423037529
2016-03-09,579.4031674265862
2016-03-10,579.0132424235344
2016-03-11,589.3184387683868
2016-03-14,591.1910563111305
2016-03-15,590.8144755363464
2016-03-16,596.6887528300285
2016-03-17,601.2473729252815
2016-03-18,607.5839222669601
2016-03-21,612.0222595334053
2016-03-22,613.5715937614441
2016-03-23,606.5770646333694
2016-03-24,608.2347312569618
2016-03-28,607.4114279150963
2016-03-29,612.3603248596191
2016-03-30,609.3618178367615
2016-03-31,609.7040187716484
2016-04-01,615.7816078662872
2016-04-04,610.8801273107529
2016-04-05,606.7236080169678
2016-04-06,615.1310282945633
2016-04-07,608.7494904398918
2016-04-08,608.115619301796
2016-04-11,606.5106212496758
2016-04-12,613.5744151473045
2016-04-13,620.1395452618599
2016-04-14,619.3579689860344
2016-04-15,617.7592309117317
2016-04-18,622.0196372270584
2016-04-19,620.1396842598915
2016-04-20,622.0503292679787
2016-04-21,626.3210151791573
2016-04-22,623.9311389327049
2016-04-25,622.4026890397072
2016-04-26,625.5624128580093
2016-04-27,627.879142343998
2016-04-28,629.3673375248909
2016-04-29,624.6426998376846
2016-05-02,625.8178369998932
2016-05-03,618.5754418969154
2016-05-04,614.4599162340164
2016-05-05,616.679956138134
2016-05-06,620.9109914302826
2016-05-09,620.3851960897446
2016-05-10,629.0147035121918
2016-05-11,623.2812982201576
2016-05-12,623.0358303189278
2016-05-13,619.3199287652969
2016-05-16,624.0164756774902
2016-05-17,615.9512596130371
2016-05-18,615.7236621379852
2016-05-19,609.4264233112335
2016-05-20,614.8039036989212
2016-05-23,612.7149368524551
2016-05-24,621.2839456796646
2016-05-25,629.1652771234512
2016-05-26,632.2498600482941
2016-05-27,634.0064316987991
2016-05-31,632.1232862472534
2016-06-01,631.3242466449738
2016-06-02,634.4520364999771
2016-06-03,632.4086765050888
2016-06-06,638.9048068523407
2016-06-07,638.2208075523376
2016-06-08,639.6019756793976
2016-06-09,637.9973108768463
2016-06-10,630.0573660135269
2016-06-13,622.371032834053
2016-06-14,620.6842139959335
2016-06-15,619.1780173778534
2016-06-16,620.3605307340622
2016-06-17,618.579526424408
2016-06-20,624.6884919404984
2016-06-21,625.3881639242172
2016-06-22,623.7341855764389
2016-06-23,634.1277616024017
2016-06-24,606.911967754364
2016-06-27,591.6069757938385
2016-06-28,603.9043785333633
2016-06-29,615.4722193479538
2016-06-30,625.1965364217758
2016-07-01,625.9809055328369
2016-07-05,620.5747961997986
2016-07-06,625.5695880651474
2016-07-07,626.4626820087433
2016-07-08,638.7591366767883
2016-07-11,642.2481380701065
2016-07-12,646.1272622346878
2016-07-13,643.7884013652802
2016-07-14,650.0764856338501
2016-07-15,650.3283442258835
2016-07-18,654.4105814695358
2016-07-19,656.1378062963486
2016-07-20,660.4405571222305
2016-07-21,655.3364037275314
2016-07-22,659.3735935688019
2016-07-25,661.4693117141724
2016-07-26,664.4873921871185
2016-07-27,670.4508731365204
2016-07-28,668.4940364360809
2016-07-29,668.0116969347
2016-08-01,669.2513537406921
2016-08-02,663.8736211061478
2016-08-03,663.9425654411316
2016-08-04,666.4535957574844
2016-08-05,672.8236076831818
2016-08-08,672.6799236536026
2016-08-09,672.3614609241486
2016-08-10,670.922997713089
2016-08-11,675.0161716938019
2016-08-12,675.2046679258347
2016-08-15,679.2246659994125
2016-08-16,675.9872859716415
2016-08-17,678.3978908061981
2016-08-18,680.306245803833
2016-08-19,678.3314678668976
2016-08-22,679.3454329967499
2016-08-23,679.4215242862701
2016-08-24,672.4492448568344
2016-08-25,672.0135794878006
2016-08-26,673.7567479610443
2016-08-29,677.8710150718689
2016-08-30,673.9790508747101
2016-08-31,671.9777600765228
2016-09-01,672.8557358980179
2016-09-02,675.3293335437775
2016-09-06,683.0223830938339
2016-09-07,684.5734174251556
2016-09-08,681.7633770704269
2016-09-09,664.3679394721985
2016-09-12,676.4837226867676
2016-09-13,667.0921740531921
2016-09-14,666.47785115242
2016-09-15,673.1025055646896
2016-09-16,672.4834206104279
2016-09-19,671.3247312307358
2016-09-20,672.1996816396713
2016-09-21,679.2338945865631
2016-09-22,683.5098565816879
2016-09-23,678.3851288557053
2016-09-26,673.3199203014374
2016-09-27,678.0289453268051
2016-09-28,679.4632239341736
2016-09-29,672.4317429065704
2016-09-30,677.0062980651855
2016-10-03,677.4613571166992
2016-10-04,676.4768142700195
2016-10-05,680.3020850419998
2016-10-06,677.4558645486832
2016-10-07,676.2953486442566
2016-10-10,681.4140892028809
2016-10-11,670.2042951583862
2016-10-12,669.1903821229935
2016-10-13,667.6777015924454
2016-10-14,667.4709484577179
2016-10-17,667.4718986749649
2016-10-18,668.4695757627487
2016-10-19,669.1333502531052
2016-10-20,674.2133766412735
2016-10-21,672.0046486854553
2016-10-24,676.5988779067993
2016-10-25,677.298677444458
2016-10-26,682.6843761205673
2016-10-27,681.0731021165848
2016-10-28,668.700311422348
2016-10-31,665.3990828990936
2016-11-01,660.4955003261566
2016-11-02,653.0416213274002
2016-11-03,641.8114107847214
2016-11-04,641.5466700792313
2016-11-07,655.7459194660187
2016-11-08,658.3173034191132
2016-11-09,667.8418939113617
2016-11-10,675.3655308485031
2016-11-11,674.9035747051239
2016-11-14,669.523579120636
2016-11-15,672.7173361778259
2016-11-16,671.5013217926025
2016-11-17,673.7314178943634
2016-11-18,672.0186636447906
2016-11-21,681.366845369339
2016-11-22,683.3207998275757
2016-11-23,684.0747261047363
2016-11-25,685.6135063171387
2016-11-28,684.8600480556488
2016-11-29,685.8064539432526
2016-11-30,680.5104353427887
2016-12-01,674.3537986278534
2016-12-02,676.2197289466858
2016-12-05,679.1344211101532
2016-12-06,681.5113296508789
2016-12-07,688.7016439437866
2016-12-08,692.7500541210175
2016-12-09,697.6382460594177
2016-12-12,696.8214478492737
2016-12-13,704.3739755153656
2016-12-14,701.8868653774261
2016-12-15,704.2165479660034
2016-12-16,702.5223317146301
2016-12-19,702.9238579273224
2016-12-20,705.0291044712067
2016-12-21,704.8594686985016
2016-12-22,704.4618446826935
2016-12-23,706.0126214027405
2016-12-27,708.4102737903595
2016-12-28,702.4924342632294
2016-12-29,701.1836833953857
2016-12-30,697.0071935653687
2017-01-03,707.0512673854828
2017-01-04,714.9786393642426
2017-01-05,715.4453506469727
2017-01-06,721.9901051521301
2017-01-09,724.0545179843903
2017-01-10,723.3365197181702
2017-01-11,726.1743125915527
2017-01-12,723.4357581138611
2017-01-13,725.0394656658173
2017-01-17,721.9982371330261
2017-01-18,723.8187792301178
2017-01-19,720.6895990371704
2017-01-20,723.7685403823853
2017-01-23,722.3219389915466
2017-01-24,731.9681615829468
2017-01-25,744.5506336688995
2017-01-26,746.3475592136383
2017-01-27,747.4234039783478
2017-01-30,740.7741665840149
2017-01-31,737.4550459384918
2017-02-01,747.1634335517883
2017-02-02,743.4474649429321
2017-02-03,752.4086158275604
2017-02-06,755.1865758895874
2017-02-07,758.5499126911163
2017-02-08,760.5599172115326
2017-02-09,761.3477942943573
2017-02-10,764.1897687911987
2017-02-13,767.6450698375702
2017-02-14,768.9583711624146
2017-02-15,773.5417697429657
2017-02-16,775.1162116527557
2017-02-17,777.859626531601
2017-02-21,783.1349937915802
2017-02-22,785.1872088909149
2017-02-23,787.0421838760376
2017-02-24,787.5605657100677
2017-02-27,792.6596527099609
2017-02-28,791.3153789043427
2017-03-01,803.3352243900299
2017-03-02,797.8660516738892
2017-03-03,798.6113874912262
2017-03-06,796.5867831707001
2017-03-07,795.9243710041046
2017-03-08,794.7356448173523
2017-03-09,793.8647994995117
2017-03-10,796.6309974193573
2017-03-13,796.5117671489716
2017-03-14,794.5992999076843
2017-03-15,797.5716722011566
2017-03-16,796.677857875824
2017-03-17,787.0472981929779
2017-03-20,788.360622882843
2017-03-21,776.9850382804871
2017-03-22,781.7035114765167
2017-03-23,780.6923651695251
2017-03-24,780.9632947444916
2017-03-27,780.4356923103333
2017-03-28,785.5189208984375
2017-03-29,784.9575457572937
2017-03-30,788.1714510917664
2017-03-31,787.3525087833405
2017-04-03,786.6338019371033
2017-04-04,787.9874224662781
2017-04-05,782.758576631546
2017-04-06,781.479341506958
2017-04-07,783.5792036056519
2017-04-10,779.9150261878967
2017-04-11,778.833587884903
2017-04-12,774.7506053447723
2017-04-13,770.0480632781982
2017-04-17,779.0651159286499
2017-04-18,775.4707498550415
2017-04-19,771.177670955658
2017-04-20,780.654863357544
2017-04-21,777.7559125423431
2017-04-24,784.728837966919
2017-04-25,789.6407673358917
2017-04-26,787.3842415809631
2017-04-27,789.6798229217529
2017-04-28,791.6851048469543
2017-05-01,791.8123252391815
2017-05-02,791.1717374324799
2017-05-03,790.0239210128784
2017-05-04,788.1340403556824
2017-05-05,788.0636210441589
2017-05-08,789.0673670768738
2017-05-09,790.2078731060028
2017-05-10,786.6080732345581
2017-05-11,785.7761723995209
2017-05-12,785.3788571357727
2017-05-15,787.2974817752838
2017-05-16,790.1888620853424
2017-05-17,769.9642744064331
2017-05-18,774.4219982624054
2017-05-19,779.5326044559479
2017-05-22,780.8277678489685
2017-05-23,781.1029543876648
2017-05-24,786.0581700801849
2017-05-25,791.5122494697571
2017-05-26,790.7983746528625
2017-05-30,790.6155071258545
2017-05-31,791.9375908374786
2017-06-01,794.20947432518
2017-06-02,801.9051723480225
2017-06-05,802.6005675792694
2017-06-06,799.7202396392822
2017-06-07,804.0428276062012
2017-06-08,809.8215110301971
2017-06-09,803.359028339386
2017-06-12,803.0756220817566
2017-06-13,806.5767133235931
2017-06-14,806.1855890750885
2017-06-15,806.492913722992
2017-06-16,806.4700195789337
2017-06-19,816.6113402843475
2017-06-20,815.60688996315
2017-06-21,823.5175347328186
2017-06-22,825.5385842323303
2017-06-23,827.9758796691895
2017-06-26,827.4890296459198
2017-06-27,818.7546200752258
2017-06-28,827.5854625701904
2017-06-29,818.0969688892365
2017-06-30,816.6591310501099
2017-07-03,816.2292830944061
2017-07-05,823.8873882293701
2017-07-06,816.5870404243469
2017-07-07,821.7608554363251
2017-07-10,826.5835289955139
2017-07-11,832.5816900730133
2017-07-12,838.7729558944702
2017-07-13,840.4699788093567
2017-07-14,847.7368364334106
2017-07-17,847.0540127754211
2017-07-18,850.4377541542053
2017-07-19,851.8293108940125
2017-07-20,851.9181566238403
2017-07-21,853.8179864883423
2017-07-24,854.8607134819031
2017-07-25,854.0225558280945
2017-07-26,870.2067770957947
2017-07-27,877.207845211029
2017-07-28,880.8203015327454
2017-07-31,877.8784885406494
2017-08-01,877.8930969238281
2017-08-02,877.640613079071
2017-08-03,876.2910022735596
2017-08-04,877.129487991333
2017-08-07,883.4446935653687
2017-08-08,881.5552110671997
2017-08-09,877.5740160942078
2017-08-10,863.5099215507507
2017-08-11,866.3443095684052
2017-08-14,877.3632469177246
2017-08-15,880.8416314125061
2017-08-16,880.3692741394043
2017-08-17,866.762736082077
2017-08-18,866.1052832603455
2017-08-21,866.1464838981628
2017-08-22,875.584098815918
2017-08-23,873.5095777511597
2017-08-24,873.688295841217
2017-08-25,870.5301160812378
2017-08-28,874.1388096809387
2017-08-29,879.7884297370911
2017-08-30,883.5300340652466
2017-08-31,890.0978307723999
2017-09-01,893.5075244903564
2017-09-05,885.1176166534424
2017-09-06,887.1466631889343
2017-09-07,890.4222388267517
2017-09-08,887.7871675491333
2017-09-11,902.5803933143616
2017-09-12,908.2049341201782
2017-09-13,909.1689429283142
2017-09-14,909.2304797172546
2017-09-15,913.9351172447205
2017-09-18,917.1456909179688
2017-09-19,920.8853697776794
2017-09-20,925.5520701408386
2017-09-21,922.5157885551453
2017-09-22,921.174268245697
2017-09-25,910.1237740516663
2017-09-26,911.0892362594604
2017-09-27,919.2060346603394
2017-09-28,921.4045524597168
2017-09-29,925.7840027809143
2017-10-02,929.3317227363586
2017-10-03,932.3824496269226
2017-10-04,930.4096646308899
2017-10-05,935.8786377906799
2017-10-06,935.8688864707947
2017-10-09,938.9561061859131
2017-10-10,944.1649808883667
2017-10-11,944.1419978141785
2017-10-12,941.6726541519165
2017-10-13,943.8672909736633
2017-10-16,943.5985460281372
2017-10-17,945.9584274291992
2017-10-18,958.0127835273743
2017-10-19,953.263909816742
2017-10-20,959.8281784057617
2017-10-23,951.3801980018616
2017-10-24,954.6899552345276
2017-10-25,939.0608153343201
2017-10-26,941.2339024543762
2017-10-27,949.0609197616577
2017-10-30,953.6874513626099
2017-10-31,958.5898661613464
2017-11-01,962.767825126648
2017-11-02,961.052188873291
2017-11-03,960.4980025291443
2017-11-06,962.7581181526184
2017-11-07,967.5427994728088
2017-11-08,966.5948529243469
2017-11-09,962.4578671455383
2017-11-10,958.3106894493103
2017-11-13,959.6060066223145
2017-11-14,956.8645086288452
2017-11-15,953.2842311859131
2017-11-16,963.8304076194763
2017-11-17,959.8444495201111
2017-11-20,963.6238532066345
2017-11-21,973.9100470542908
2017-11-22,970.862334728241
2017-11-24,974.278594493866
2017-11-27,971.7055387496948
2017-11-28,975.5932946205139
2017-11-29,967.179160118103
2017-11-30,980.7400879859924
2017-12-01,974.4895310401917
2017-12-04,976.645263671875
2017-12-05,975.2530312538147
2017-12-06,977.7996859550476
2017-12-07,984.899477481842
2017-12-08,989.8805003166199
2017-12-11,990.726236820221
2017-12-12,994.3739681243896
2017-12-13,995.7685027122498
2017-12-14,995.0986199378967
2017-12-15,1000.6539039611816
2017-12-18,1009.1020383834839
2017-12-19,1009.4505772590637
2017-12-20,1010.2698884010315
2017-12-21,1004.0269827842712
2017-12-22,1003.5773391723633
2017-12-26,999.5698485374451
2017-12-27,1002.5595636367798
2017-12-28,1003.6993827819824
2017-12-29,997.3073906898499
2018-01-02,1011.8176293373108
2018-01-03,1023.7104692459106
2018-01-04,1027.6721153259277
2018-01-05,1043.2578644752502
2018-01-08,1046.2805037498474
2018-01-09,1052.1240510940552
2018-01-10,1053.6351838111877
2018-01-11,1061.0464596748352
2018-01-12,1063.2443809509277
2018-01-16,1060.0787076950073
2018-01-17,1083.8067212104797
2018-01-18,1075.3658180236816
2018-01-19,1068.370460510254
2018-01-22,1077.2745237350464
2018-01-23,1082.6287870407104
2018-01-24,1076.6891555786133
2018-01-25,1084.114797592163
2018-01-26,1098.9220571517944
2018-01-29,1092.681999206543
2018-01-30,1078.178484916687
2018-01-31,1092.3588252067566
2018-02-01,1098.110604763031
2018-02-02,1075.8951320648193
2018-02-05,1021.3460059165955
2018-02-06,1050.39492893219
2018-02-07,1049.064480304718
2018-02-08,1005.6141729354858
2018-02-09,1019.7690935134888
2018-02-12,1040.725917816162
2018-02-13,1038.088607788086
2018-02-14,1058.1606831550598
2018-02-15,1076.720537185669
2018-02-16,1073.0776028633118
2018-02-20,1067.581600189209
2018-02-21,1064.9103422164917
2018-02-22,1069.4722990989685
2018-02-23,1086.4907875061035
2018-02-26,1105.022632598877
2018-02-27,1097.1303520202637
2018-02-28,1085.837381362915
2018-03-01,1063.458945274353
2018-03-02,1064.2477283477783
2018-03-05,1087.1551766395569
2018-03-06,1084.1474089622498
2018-03-07,1085.650903224945
2018-03-08,1086.18199300766
2018-03-09,1103.8990726470947
2018-03-12,1095.9302010536194
2018-03-13,1085.1524572372437
2018-03-14,1077.7689299583435
2018-03-15,1075.9336371421814
2018-03-16,1080.669653892517
2018-03-19,1059.2208428382874
2018-03-20,1061.1248683929443
2018-03-21,1061.6738448143005
2018-03-22,1024.480489730835
2018-03-23,1003.856228351593
2018-03-26,1029.6620693206787
2018-03-27,1001.9881253242493
2018-03-28,999.6315331459045
2018-03-29,1020.2440252304077
2018-04-02,995.1849980354309
2018-04-03,1010.9841556549072
2018-04-04,1018.3614954948425
2018-04-05,1028.8170309066772
2018-04-06,1004.2326922416687
2018-04-09,1004.7478256225586
2018-04-10,1035.6613130569458
2018-04-11,1027.3723578453064
2018-04-12,1041.067575454712
2018-04-13,1031.906913280487
2018-04-16,1036.3253169059753
2018-04-17,1053.1067399978638
2018-04-18,1049.7256331443787
2018-04-19,1049.8607559204102
2018-04-20,1037.950602054596
2018-04-23,1038.8042635917664
2018-04-24,1018.8658971786499
2018-04-25,1033.5545229911804
2018-04-26,1056.7581114768982
2018-04-27,1051.55713224411
2018-04-30,1037.059196472168
2018-05-01,1033.9641137123108
2018-05-02,1027.91615152359
2018-05-03,1029.6987557411194
2018-05-04,1044.326611995697
2018-05-07,1053.0482053756714
2018-05-08,1053.6765093803406
2018-05-09,1069.599184513092
2018-05-10,1079.6147747039795
2018-05-11,1080.6304054260254
2018-05-14,1086.2779898643494
2018-05-15,1077.7848052978516
2018-05-16,1082.7693829536438
2018-05-17,1085.5975184440613
2018-05-18,1089.5611543655396
2018-05-21,1109.3801221847534
2018-05-22,1104.6135983467102
2018-05-23,1113.5167589187622
2018-05-24,1111.305986881256
2018-05-25,1109.9687752723694
2018-05-29,1098.8321075439453
2018-05-30,1112.8903422355652
2018-05-31,1103.155607700348
2018-06-01,1118.0846633911133
2018-06-04,1126.5878109931946
2018-06-05,1123.3773856163025
2018-06-06,1138.0529313087463
2018-06-07,1131.7927870750427
2018-06-08,1135.2966203689575
2018-06-11,1139.7322974205017
2018-06-12,1139.5762033462524
2018-06-13,1130.5293970108032
2018-06-14,1133.9952931404114
2018-06-15,1124.3436913490295
2018-06-18,1121.5810370445251
2018-06-19,1107.1191964149475
2018-06-20,1111.768087387085
2018-06-21,1102.9994769096375
2018-06-22,1103.4427342414856
2018-06-25,1082.5175795555115
2018-06-26,1086.3680629730225
2018-06-27,1075.4122014045715
2018-06-28,1083.9397220611572
2018-06-29,1083.5683403015137
2018-07-02,1091.1691212654114
2018-07-03,1078.5163769721985
2018-07-05,1091.6804313659668
2018-07-06,1104.0531573295593
2018-07-09,1121.211856842041
2018-07-10,1128.929148197174
2018-07-11,1114.9886803627014
2018-07-12,1130.6927361488342
2018-07-13,1137.0232090950012
2018-07-16,1140.2139596939087
2018-07-17,1143.1074495315552
2018-07-18,1147.1714596748352
2018-07-19,1140.331003189087
2018-07-20,1137.1453757286072
2018-07-23,1136.0187010765076
2018-07-24,1145.910306930542
2018-07-25,1149.7444324493408
2018-07-26,1114.3096771240234
2018-07-27,1109.1477818489075
2018-07-30,1091.4505052566528
2018-07-31,1101.0080971717834
2018-08-01,1097.1675081253052
2018-08-02,1102.3786115646362
2018-08-03,1108.1362528800964
2018-08-06,1114.0469880104065
2018-08-07,1121.1075448989868
2018-08-08,1117.4387974739075
2018-08-09,1109.3247475624084
2018-08-10,1098.8345165252686
2018-08-13,1097.5878982543945
2018-08-14,1100.318636417389
2018-08-15,1086.068449497223
2018-08-16,1101.5864305496216
2018-08-17,1103.8002223968506
2018-08-20,1107.993073940277
2018-08-21,1114.7820520401
2018-08-22,1113.7036628723145
2018-08-23,1109.9190039634705
2018-08-24,1118.2344932556152
2018-08-27,1132.7026796340942
2018-08-28,1129.877995967865
2018-08-29,1130.2586832046509
2018-08-30,1128.4237079620361
2018-08-31,1122.4161276817322
2018-09-04,1120.8932118415833
2018-09-05,1115.5268397331238
2018-09-06,1106.1367740631104
2018-09-07,1102.9609036445618
2018-09-10,1105.5803298950195
2018-09-11,1108.9311089515686
2018-09-12,1112.2426857948303
2018-09-13,1120.8778748512268
2018-09-14,1126.6342844963074
2018-09-17,1118.3147158622742
2018-09-18,1129.781816482544
2018-09-19,1135.1266469955444
2018-09-20,1146.9656476974487
2018-09-21,1146.0449314117432
2018-09-24,1147.1838421821594
2018-09-25,1144.229145526886
2018-09-26,1143.0868172645569
2018-09-27,1151.288731098175
2018-09-28,1148.1523265838623
2018-10-01,1159.4394674301147
2018-10-02,1162.0939841270447
2018-10-03,1169.749650478363
2018-10-04,1155.9987678527832
2018-10-05,1145.8827319145203
2018-10-08,1144.1459259986877
2018-10-09,1144.6529712677002
2018-10-10,1102.149606704712
2018-10-11,1082.606321811676
2018-10-12,1095.1462292671204
2018-10-15,1089.9642333984375
2018-10-16,1120.4104614257812
2018-10-17,1108.7278513908386
2018-10-18,1089.8754501342773
2018-10-19,1084.0900659561157
2018-10-22,1081.3591303825378
2018-10-23,1074.1936540603638
2018-10-24,1046.0055856704712
2018-10-25,1063.2725648880005
2018-10-26,1044.9095306396484
2018-10-29,1014.220317363739
2018-10-30,1036.8556389808655
2018-10-31,1054.622637271881
2018-11-01,1070.6972517967224
2018-11-02,1053.3556547164917
2018-11-05,1062.5568480491638
2018-11-06,1071.8105993270874
2018-11-07,1093.6222805976868
2018-11-08,1088.1756463050842
2018-11-09,1078.3347663879395
2018-11-12,1049.6102504730225
2018-11-13,1044.5034112930298
2018-11-14,1040.0827331542969
2018-11-15,1046.5712623596191
2018-11-16,1036.125765323639
2018-11-19,1004.9513275623322
2018-11-20,995.0354111194611
2018-11-21,995.548504114151
2018-11-23,984.2049322128296
2018-11-26,1002.6752619743347
2018-11-27,1007.5861341953278
2018-11-28,1038.3457050323486
2018-11-29,1044.8625800609589
2018-11-30,1060.5804543495178
2018-12-03,1077.5631408691406
2018-12-04,1034.6712114810944
2018-12-06,1029.1356830596924
2018-12-07,998.9292106628418
2018-12-10,1010.2281064987183
2018-12-11,1007.4718651771545
2018-12-12,1018.3727366924286
2018-12-13,1016.8532037734985
2018-12-14,999.979113817215
2018-12-17,981.945006608963
2018-12-18,996.4443175792694
2018-12-19,966.4948642253876
2018-12-20,951.8887803554535
2018-12-21,921.5487844944
2018-12-24,899.8136873245239
2018-12-26,954.3799571990967
2018-12-27,963.0112249851227
2018-12-28,961.3249235153198
2018-12-31,971.1169731616974
2019-01-02,978.442125082016
2019-01-03,946.3515748977661
2019-01-04,989.7202293872833
2019-01-07,997.8489575386047
2019-01-08,1019.1207892894745
2019-01-09,1027.0481660366058
2019-01-10,1038.6619894504547
2019-01-11,1037.2096185684204
2019-01-14,1030.2037703990936
2019-01-15,1038.8896222114563
2019-01-16,1036.6211333274841
2019-01-17,1048.821105003357
2019-01-18,1064.0583817958832
2019-01-22,1046.4837493896484
2019-01-23,1051.5637624263763
2019-01-24,1056.9374468326569
2019-01-25,1068.1427195072174
2019-01-28,1055.2366371154785
2019-01-29,1052.6971690654755
2019-01-30,1084.6505846977234
2019-01-31,1102.8698556423187
2019-02-01,1106.1017701625824
2019-02-04,1120.763195514679
2019-02-05,1139.7864680290222
2019-02-06,1146.0992484092712
2019-02-07,1126.6138484477997
2019-02-08,1128.180278301239
2019-02-11,1126.070630788803
2019-02-12,1140.817873954773
2019-02-13,1143.7511370182037
2019-02-14,1141.905753850937
2019-02-15,1153.5504171848297
2019-02-19,1151.2738416194916
2019-02-20,1156.4127445220947
2019-02-21,1147.0965836048126
2019-02-22,1161.8739852905273
2019-02-25,1170.2771255970001
2019-02-26,1169.8933827877045
2019-02-27,1175.9579253196716
2019-02-28,1176.4689645767212
2019-03-01,1181.9823818206787
2019-03-04,1177.6591727733612
2019-03-05,1176.6345310211182
2019-03-06,1162.713944196701
2019-03-07,1152.1660013198853
2019-03-08,1152.5057439804077
2019-03-11,1143.3799018859863
2019-03-12,1121.9515352249146
2019-03-13,1131.2584114074707
2019-03-14,1123.5707159042358
2019-03-15,1132.4966578483582
2019-03-18,1122.1380071640015
2019-03-19,1127.597056388855
2019-03-20,1130.4402871131897
2019-03-21,1139.53613615036
2019-03-22,1112.518352985382
2019-03-25,1118.9965806007385
2019-03-26,1123.0475778579712
2019-03-27,1119.7932333946228
2019-03-28,1121.9269790649414
2019-03-29,1136.324300289154
2019-04-01,1156.9099025726318
2019-04-02,1162.3008790016174
2019-04-03,1161.5459275245667
2019-04-04,1173.5453534126282
2019-04-05,1174.0894017219543
2019-04-08,1156.3423709869385
2019-04-09,1146.9121842384338
2019-04-10,1147.0278267860413
2019-04-11,1150.5657744407654
2019-04-12,1162.635754585266
2019-04-15,1157.5305480957031
2019-04-16,1164.391493320465
2019-04-17,1153.6576552391052
2019-04-18,1154.492742061615
2019-04-22,1150.8077411651611
2019-04-23,1157.7788128852844
2019-04-24,1156.6034359931946
2019-04-25,1174.1640043258667
2019-04-26,1167.8174772262573
2019-04-29,1166.5814189910889
2019-04-30,1163.5933537483215
2019-05-01,1159.7631297111511
2019-05-02,1159.4097242355347
2019-05-03,1169.1266341209412
2019-05-06,1159.615297794342
2019-05-07,1130.0949811935425
2019-05-08,1129.0442838668823
2019-05-09,1120.833079814911
2019-05-10,1121.4069924354553
2019-05-13,1080.166198015213
2019-05-14,1091.3799719810486
2019-05-15,1103.789108991623
2019-05-16,1116.8809893131256
2019-05-17,1111.6715517044067
2019-05-20,1102.3644795417786
2019-05-21,1116.4302864074707
2019-05-22,1109.4573197364807
2019-05-23,1095.785085439682
2019-05-24,1101.080551147461
2019-05-28,1099.7723517417908
2019-05-29,1089.690434217453
2019-05-30,1091.5637919902802
2019-05-31,1068.6952657699585
2019-06-03,1058.1916394233704
2019-06-04,1081.8932809829712
2019-06-05,1086.2183187007904
2019-06-06,1094.1626524925232
2019-06-07,1109.2919812202454
2019-06-10,1116.9549887180328
2019-06-11,1116.5714809894562
2019-06-12,1106.630595445633
2019-06-13,1112.5321900844574
2019-06-14,1111.0704562664032
2019-06-17,1126.2188770771027
2019-06-18,1156.1772117614746
2019-06-19,1151.8228991031647
2019-06-20,1163.7201368808746
2019-06-21,1163.9206626415253
2019-06-24,1165.1281929016113
2019-06-25,1151.988671541214
2019-06-26,1163.5346035957336
2019-06-27,1156.8371939659119
2019-06-28,1159.8988556861877
2019-07-01,1160.7667322158813
2019-07-02,1161.0690174102783
2019-07-03,1167.8941812515259
2019-07-05,1164.9614987373352
2019-07-08,1155.8528785705566
2019-07-09,1162.8988139629364
2019-07-10,1171.3060190677643
2019-07-11,1174.0582375526428
2019-07-12,1186.1470460891724
2019-07-15,1184.9220147132874
2019-07-16,1183.5890879631042
2019-07-17,1185.7417526245117
2019-07-18,1186.0793781280518
2019-07-19,1195.1876468658447
2019-07-22,1198.1190695762634
2019-07-23,1201.6835360527039
2019-07-24,1194.3906497955322
2019-07-25,1172.948341846466
2019-07-26,1170.4247159957886
2019-07-29,1162.5193266868591
2019-07-30,1170.236650466919
2019-07-31,1160.009356021881
2019-08-01,1147.5264377593994
2019-08-02,1145.7324028015137
2019-08-05,1107.4171590805054
2019-08-06,1119.0975029468536
2019-08-07,1117.6989495754242
2019-08-08,1142.3004100322723
2019-08-09,1145.2916388511658
2019-08-12,1139.8986222743988
2019-08-13,1153.000324010849
2019-08-14,1112.394018650055
2019-08-15,1124.3194525241852
2019-08-16,1140.6555778980255
2019-08-19,1153.1830835342407
2019-08-20,1139.0203456878662
2019-08-21,1151.8397607803345
2019-08-22,1164.2041630744934
2019-08-23,1140.8590354919434
2019-08-26,1156.1322150230408
2019-08-27,1152.7113270759583
2019-08-28,1163.7413234710693
2019-08-29,1177.653645515442
2019-08-30,1181.748209953308
2019-09-03,1160.635239124298
2019-09-04,1175.8085374832153
2019-09-05,1195.091208934784
2019-09-06,1193.2098317146301
2019-09-09,1188.595163822174
2019-09-10,1192.2546391487122
2019-09-11,1209.6303219795227
2019-09-12,1201.4249558448792
2019-09-13,1206.057650089264
2019-09-16,1200.8148384094238
2019-09-17,1211.816909313202
2019-09-18,1211.9238352775574
2019-09-19,1210.676281929016
2019-09-20,1202.5637836456299
2019-09-23,1200.8079142570496
2019-09-24,1194.7238812446594
2019-09-25,1205.408770084381
2019-09-26,1201.5742359161377
2019-09-27,1187.1262426376343
2019-09-30,1187.6746711730957
2019-10-01,1174.8870840072632
2019-10-02,1152.7351365089417
2019-10-03,1168.458092212677
2019-10-04,1182.8783540725708
2019-10-07,1181.2994513511658
2019-10-08,1168.9265542030334
2019-10-09,1177.1831831932068
2019-10-10,1179.2040991783142
2019-10-11,1197.6912908554077
2019-10-14,1196.0601382255554
2019-10-15,1205.8512988090515
2019-10-16,1204.0823411941528
2019-10-17,1198.4978032112122
2019-10-18,1163.4556336402893
2019-10-21,1161.0310096740723
2019-10-22,1160.6154832839966
2019-10-23,1165.7327146530151
2019-10-24,1172.3169431686401
2019-10-25,1178.6306700706482
2019-10-28,1185.9845390319824
2019-10-29,1189.8604679107666
2019-10-30,1189.993558883667
2019-10-31,1188.512746334076
2019-11-01,1207.2970418930054
2019-11-04,1217.9802408218384
2019-11-05,1224.2199926376343
2019-11-06,1218.9592351913452
2019-11-07,1229.0423908233643
2019-11-08,1224.9391632080078
2019-11-11,1236.6242065429688
2019-11-12,1238.8700985908508
2019-11-13,1235.3493423461914
2019-11-14,1241.262855052948
2019-11-15,1251.2226462364197
2019-11-18,1252.5655488967896
2019-11-19,1255.335087299347
2019-11-20,1253.7759532928467
2019-11-21,1250.5332622528076
2019-11-22,1258.7720131874084
2019-11-25,1272.1964011192322
2019-11-26,1267.7770328521729
2019-11-27,1266.9938645362854
2019-11-29,1263.6253905296326
2019-12-02,1242.9637665748596
2019-12-03,1232.9219131469727
2019-12-04,1234.3714656829834
2019-12-05,1232.7607469558716
2019-12-06,1250.3300762176514
2019-12-09,1243.878897190094
2019-12-10,1243.2949295043945
2019-12-11,1249.056140422821
2019-12-12,1250.9242315292358
2019-12-13,1245.4141082763672
2019-12-16,1243.7800040245056
2019-12-17,1245.878056049347
2019-12-18,1251.4051628112793
2019-12-19,1261.1869373321533
2019-12-20,1261.6279802322388
2019-12-23,1272.5094542503357
2019-12-24,1267.5603227615356
2019-12-26,1268.8325600624084
2019-12-27,1267.599688053131
2019-12-30,1254.4845995903015
2019-12-31,1258.1641736030579
2020-01-02,1279.9642090797424
2020-01-03,1272.1307787895203
2020-01-06,1277.891041278839
2020-01-07,1282.099717617035
2020-01-08,1280.854974746704
2020-01-09,1296.0391054153442
2020-01-10,1286.276014328003
2020-01-13,1293.96959400177
2020-01-14,1293.9403562545776
2020-01-15,1294.2987742424011
2020-01-16,1302.4334025382996
2020-01-17,1298.6075372695923
2020-01-21,1285.1267108917236
2020-01-22,1287.0364270210266
2020-01-23,1293.2598299980164
2020-01-24,1291.119089603424
2020-01-27,1265.1437077522278
2020-01-28,1278.3850402832031
2020-01-29,1285.238751411438
2020-01-30,1273.8407740592957
2020-01-31,1243.667127609253
2020-02-03,1248.787962436676
2020-02-04,1271.7107605934143
2020-02-05,1304.1363410949707
2020-02-06,1317.8658118247986
2020-02-07,1306.2648630142212
2020-02-10,1317.7942113876343
2020-02-11,1315.0345792770386
2020-02-12,1326.7097334861755
2020-02-13,1325.1126308441162
2020-02-14,1322.9228148460388
2020-02-18,1322.5585947036743
2020-02-19,1329.9555702209473
2020-02-20,1319.0535707473755
2020-02-21,1297.2871236801147
2020-02-24,1247.6475901603699
2020-02-25,1202.2122321128845
2020-02-26,1204.9114246368408
2020-02-27,1143.7652354240417
2020-02-28,1128.0465116500854
2020-03-02,1180.0942420959473
2020-03-03,1135.143042087555
2020-03-04,1179.3040833473206
2020-03-05,1130.6002979278564
2020-03-06,1118.4949097633362
2020-03-09,1017.7026686668396
2020-03-10,1061.724967956543
2020-03-11,979.8667526245117
2020-03-12,862.3648223876953
2020-03-13,958.3897113800049
2020-03-16,824.6912150382996
2020-03-17,863.6488170623779
2020-03-18,810.9558699131012
2020-03-19,808.6906416416168
2020-03-20,780.8951432704926
2020-03-23,789.4401061534882
2020-03-24,883.582193851471
2020-03-25,904.4426155090332
2020-03-26,958.8562054634094
2020-03-27,916.0616874694824
2020-03-30,939.5590777397156
2020-03-31,919.8688678741455
2020-04-01,868.2880659103394
2020-04-02,880.3063597679138
2020-04-03,864.83340883255
2020-04-06,944.11758852005
2020-04-07,939.2428047657013
2020-04-08,972.6015768051147
2020-04-09,978.0059514045715
2020-04-13,974.9960522651672
2020-04-14,991.5121469497681
2020-04-15,977.6040139198303
2020-04-16,972.4164962768555
2020-04-17,1007.5576376914978
2020-04-20,988.4551267623901
2020-04-21,951.5368010997772
2020-04-22,976.4199655056
2020-04-23,984.0938668251038
2020-04-24,990.0349335670471
2020-04-27,997.6929326057434
2020-04-28,991.9289174079895
2020-04-29,1025.7320165634155
2020-04-30,1028.7710905075073
2020-05-01,996.5143074989319
2020-05-04,999.8295154571533
2020-05-05,1004.6261110305786
2020-05-06,1001.945384979248
2020-05-07,1012.3336005210876
2020-05-08,1029.8848333358765
2020-05-11,1032.885221004486
2020-05-12,1009.8429436683655
2020-05-13,986.3102030754089
2020-05-14,1002.8206920623779
2020-05-15,1004.4621448516846
2020-05-18,1033.0903720855713
2020-05-19,1023.3304615020752
2020-05-20,1051.2316126823425
2020-05-21,1047.8700289726257
2020-05-22,1051.0421676635742
2020-05-26,1057.6907935142517
2020-05-27,1075.6590209007263
2020-05-28,1062.009771823883
2020-05-29,1064.8066625595093
2020-06-01,1075.1661477088928
2020-06-02,1080.0682034492493
2020-06-03,1105.6659932136536
2020-06-04,1115.9143743515015
2020-06-05,1159.8437404632568
2020-06-08,1192.4353442192078
2020-06-09,1183.1903128623962
2020-06-10,1166.656078338623
2020-06-11,1077.6843013763428
2020-06-12,1107.852412700653
2020-06-15,1120.2720828056335
2020-06-16,1145.3689823150635
2020-06-17,1135.9738097190857
2020-06-18,1136.5931296348572
2020-06-19,1139.2018432617188
2020-06-22,1139.1973767280579
2020-06-23,1141.1498141288757
2020-06-24,1105.9687571525574
2020-06-25,1113.873164653778
2020-06-26,1074.2287273406982
2020-06-29,1109.6172170639038
2020-06-30,1117.2829451560974
2020-07-01,1136.1605534553528
2020-07-02,1136.7676157951355
2020-07-06,1156.7778325080872
2020-07-07,1138.5253281593323
2020-07-08,1144.2056527137756
2020-07-09,1139.1554999351501
2020-07-10,1149.086438179016
2020-07-13,1136.4929122924805
2020-07-14,1151.8041787147522
2020-07-15,1167.4850916862488
2020-07-16,1158.4534335136414
2020-07-17,1158.718903541565
2020-07-20,1169.8984932899475
2020-07-21,1168.9060883522034
2020-07-22,1174.9373121261597
2020-07-23,1152.4213466644287
2020-07-24,1139.5454716682434
2020-07-27,1147.2874240875244
2020-07-28,1138.4361567497253
2020-07-29,1143.592448234558
2020-07-30,1137.2258973121643
2020-07-31,1157.3660521507263
2020-08-03,1167.7245597839355
2020-08-04,1178.0978064537048
2020-08-05,1186.4870653152466
2020-08-06,1203.7576293945312
2020-08-07,1202.37140417099
2020-08-10,1209.7674016952515
2020-08-11,1190.4238348007202
2020-08-12,1206.4156398773193
2020-08-13,1201.497296333313
2020-08-14,1204.8312830924988
2020-08-17,1200.1807260513306
2020-08-18,1196.1558938026428
2020-08-19,1191.8882293701172
2020-08-20,1199.4093503952026
2020-08-21,1200.9251103401184
2020-08-24,1221.5010271072388
2020-08-25,1240.8202829360962
2020-08-26,1262.8007650375366
2020-08-27,1257.5436477661133
2020-08-28,1266.5657873153687
2020-08-31,1269.0063753128052
2020-09-01,1279.8079624176025
2020-09-02,1300.7082681655884
2020-09-03,1247.9476194381714
2020-09-04,1240.237329006195
2020-09-08,1193.5509386062622
2020-09-09,1210.3311986923218
2020-09-10,1185.6733846664429
2020-09-11,1187.6848826408386
2020-09-14,1208.3453030586243
2020-09-15,1215.5390963554382
2020-09-16,1206.1380438804626
2020-09-17,1195.9406199455261
2020-09-18,1177.1059656143188
2020-09-21,1161.551887512207
2020-09-22,1175.6520748138428
2020-09-23,1145.6856336593628
2020-09-24,1140.8960738182068
2020-09-25,1167.7967743873596
2020-09-28,1193.818494796753
2020-09-29,1197.6322813034058
2020-09-30,1207.3287711143494
2020-10-01,1222.114224433899
2020-10-02,1196.2826113700867
2020-10-05,1227.5292630195618
2020-10-06,1198.8962154388428
2020-10-07,1217.946533203125
2020-10-08,1222.576421737671
2020-10-09,1215.1577501296997
2020-10-12,1240.0726709365845
2020-10-13,1231.031810283661
2020-10-14,1224.2553582191467
2020-10-15,1215.647961616516
2020-10-16,1218.0049848556519
2020-10-19,1202.2990403175354
2020-10-20,1204.6716170310974
2020-10-21,1203.8137707710266
2020-10-22,1211.9204277992249
2020-10-23,1208.166009902954
2020-10-26,1182.0373067855835
2020-10-27,1175.2334685325623
2020-10-28,1126.8772330284119
2020-10-29,1149.5158071517944
2020-10-30,1119.6687479019165
2020-11-02,1127.9931721687317
2020-11-03,1147.179684638977
2020-11-04,1185.637933731079
2020-11-05,1213.3558745384216
2020-11-06,1214.3970804214478
2020-11-09,1243.221312046051
2020-11-10,1247.2418279647827
2020-11-11,1248.4347910881042
2020-11-12,1234.7121424674988
2020-11-13,1257.20246219635
2020-11-16,1288.2615270614624
2020-11-17,1283.0094480514526
2020-11-18,1261.9585309028625
2020-11-19,1268.8928112983704
2020-11-20,1252.7557878494263
2020-11-23,1270.15656375885
2020-11-24,1294.933952331543
2020-11-25,1294.3474321365356
2020-11-27,1301.45964717865
2020-11-30,1297.5654439926147
2020-12-01,1321.3412899971008
2020-12-02,1341.837143421173
2020-12-03,1349.704068183899
2020-12-04,1356.0737524032593
2020-12-07,1360.2521233558655
2020-12-08,1359.8647317886353
2020-12-09,1341.3511953353882
2020-12-10,1343.3754353523254
2020-12-11,1330.5415043830872
2020-12-14,1331.3625831604004
2020-12-15,1348.9225301742554
2020-12-16,1342.716323852539
2020-12-17,1339.4920263290405
2020-12-18,1329.3678231239319
2020-12-21,1318.2781205177307
2020-12-22,1306.2760009765625
2020-12-23,1310.0266008377075
2020-12-24,1309.9443035125732
2020-12-28,1325.066074371338
2020-12-29,1325.497232913971
2020-12-30,1324.7589960098267
2020-12-31,1330.5206279754639
2021-01-04,1304.761016368866
2021-01-05,1326.528633594513
2021-01-06,1323.9447121620178
2021-01-07,1343.8869514465332
2021-01-08,1342.297679424286
2021-01-11,1328.5983576774597
2021-01-12,1326.219373703003
2021-01-13,1327.132215499878
2021-01-14,1331.2362852096558
2021-01-15,1323.9694395065308
2021-01-19,1354.678150177002
2021-01-20,1372.2607612609863
2021-01-21,1385.7290410995483
2021-01-22,1371.0475769042969
2021-01-25,1372.5374460220337
2021-01-26,1373.9104223251343
2021-01-27,1332.3070125579834
2021-01-28,1327.6406021118164
2021-01-29,1299.6527853012085
2021-02-01,1313.409896850586
2021-02-02,1330.2193603515625
2021-02-03,1328.7786922454834
2021-02-04,1344.9959878921509
2021-02-05,1344.4388103485107
2021-02-08,1360.7369756698608
2021-02-09,1362.4617252349854
2021-02-10,1364.5307502746582
2021-02-11,1365.064905166626
2021-02-12,1372.799563407898
2021-02-16,1376.7335386276245
2021-02-17,1369.3494300842285
2021-02-18,1351.94398021698
2021-02-19,1359.5650510787964
2021-02-22,1344.4105787277222
2021-02-23,1351.9251174926758
2021-02-24,1379.1257572174072
2021-02-25,1333.732689857483
2021-02-26,1330.022541999817
2021-03-01,1370.6632070541382
2021-03-02,1352.3242282867432
2021-03-03,1346.9922819137573
2021-03-04,1330.411964416504
2021-03-05,1357.6584224700928
2021-03-08,1338.7443714141846
2021-03-09,1368.0826425552368
2021-03-10,1382.8537549972534
2021-03-11,1410.7803077697754
2021-03-12,1421.1591186523438
2021-03-15,1433.056266784668
2021-03-16,1432.6340770721436
2021-03-17,1454.6907558441162
2021-03-18,1423.1558418273926
2021-03-19,1435.0922346115112
2021-03-22,1445.4072198867798
2021-03-23,1412.865496635437
2021-03-24,1397.015911102295
2021-03-25,1409.4149599075317
2021-03-26,1430.7841596603394
2021-03-29,1442.9940643310547
2021-03-30,1433.4645147323608
2021-03-31,1445.5344142913818
2021-04-01,1459.7618131637573
2021-04-05,1490.416573524475
2021-04-06,1479.811593055725
2021-04-07,1488.4357652664185
2021-04-08,1494.6986780166626
2021-04-09,1497.5443058013916
2021-04-12,1485.3368768692017
2021-04-13,1485.2987174987793
2021-04-14,1473.8111944198608
2021-04-15,1491.5150842666626
2021-04-16,1488.5288581848145
2021-04-19,1474.6074028015137
2021-04-20,1462.4333992004395
2021-04-21,1475.4855394363403
2021-04-22,1452.6069736480713
2021-04-23,1466.4207677841187
2021-04-26,1479.4404792785645
2021-04-27,1481.6260242462158
2021-04-28,1459.1485919952393
2021-04-29,1485.090892791748
2021-04-30,1473.1223754882812
2021-05-03,1478.1439905166626
2021-05-04,1468.3280115127563
2021-05-05,1463.7933053970337
2021-05-06,1477.7045183181763
2021-05-07,1489.4380712509155
2021-05-10,1459.456919670105
2021-05-11,1447.867163658142
2021-05-12,1417.944010734558
2021-05-13,1429.5984554290771
2021-05-14,1459.906358718872
2021-05-17,1459.8241348266602
2021-05-18,1446.836015701294
2021-05-19,1447.0538759231567
2021-05-20,1467.032156944275
2021-05-21,1470.8324356079102
2021-05-24,1486.2506313323975
2021-05-25,1484.0237970352173
2021-05-26,1484.0129461288452
2021-05-27,1498.3269672393799
2021-05-28,1494.5004138946533
2021-06-01,1503.5455856323242
2021-06-02,1511.1595363616943
2021-06-03,1498.2158432006836
2021-06-04,1511.8490209579468
2021-06-07,1521.7914209365845
2021-06-08,1516.6310863494873
2021-06-09,1506.9849157333374
2021-06-10,1513.6972341537476
2021-06-11,1514.8484687805176
2021-06-14,1520.0534410476685
2021-06-15,1521.5942001342773
2021-06-16,1505.1669340133667
2021-06-17,1510.659812927246
2021-06-18,1486.0621118545532
2021-06-21,1508.546241760254
2021-06-22,1517.0114612579346
2021-06-23,1518.3523435592651
2021-06-24,1537.4009943008423
2021-06-25,1538.0933990478516
2021-06-28,1544.0380353927612
2021-06-29,1537.9804601669312
2021-06-30,1548.2175617218018
2021-07-01,1555.2169780731201
2021-07-02,1555.373420715332
2021-07-06,1549.210973739624
2021-07-07,1539.2218933105469
2021-07-08,1533.2618522644043
2021-07-09,1552.8129014968872
2021-07-12,1555.7681427001953
2021-07-13,1542.6570920944214
2021-07-14,1535.2832670211792
2021-07-15,1526.5061531066895
2021-07-16,1507.8170070648193
2021-07-19,1479.697193145752
2021-07-20,1508.2927532196045
2021-07-21,1526.7224283218384
2021-07-22,1528.906925201416
2021-07-23,1554.0429401397705
2021-07-26,1561.5799751281738
2021-07-27,1546.908941268921
2021-07-28,1564.3037414550781
2021-07-29,1558.4186935424805
2021-07-30,1551.4112434387207
2021-08-02,1545.67799949646
2021-08-03,1565.8439092636108
2021-08-04,1560.5806722640991
2021-08-05,1569.855613708496
2021-08-06,1568.5801763534546
2021-08-09,1559.572343826294
2021-08-10,1556.8325176239014
2021-08-11,1562.505051612854
2021-08-12,1559.1584815979004
2021-08-13,1559.7452926635742
2021-08-16,1559.1285562515259
2021-08-17,1539.72820186615
2021-08-18,1514.8844213485718
2021-08-19,1501.9091844558716
2021-08-20,1510.8754987716675
2021-08-23,1534.4160594940186
2021-08-24,1537.7762784957886
2021-08-25,1544.4432573318481
2021-08-26,1529.3850021362305
2021-08-27,1555.8724565505981
2021-08-30,1560.0202445983887
2021-08-31,1563.0075407028198
2021-09-01,1559.468671798706
2021-09-02,1557.3293762207031
2021-09-03,1554.511986732483
2021-09-07,1551.6641473770142
2021-09-08,1537.2335634231567
2021-09-09,1533.6580514907837
2021-09-10,1523.086787223816
2021-09-13,1533.5591440200806
2021-09-14,1524.1966075897217
2021-09-15,1531.84144115448
2021-09-16,1530.7631406784058
2021-09-17,1518.2510833740234
2021-09-20,1486.677749633789
2021-09-21,1491.1233186721802
2021-09-22,1496.8928146362305
2021-09-23,1517.1259422302246
2021-09-24,1525.7658891677856
2021-09-27,1533.2816104888916
2021-09-28,1495.5328884124756
2021-09-29,1501.2331132888794
2021-09-30,1489.9196796417236
2021-10-01,1511.3058815002441
2021-10-04,1482.339035987854
2021-10-05,1496.3207025527954
2021-10-06,1496.233808517456
2021-10-07,1499.833270072937
2021-10-08,1500.530005455017
2021-10-11,1489.9761800765991
2021-10-12,1476.6511497497559
2021-10-13,1474.6631689071655
2021-10-14,1492.0622854232788
2021-10-15,1496.5749959945679
2021-10-18,1507.8482666015625
2021-10-19,1519.0838499069214
2021-10-20,1527.1953649520874
2021-10-21,1517.2637214660645
2021-10-22,1500.7287817001343
2021-10-25,1503.0391931533813
2021-10-26,1487.7517595291138
2021-10-27,1471.1080522537231
2021-10-28,1480.7341299057007
2021-10-29,1482.408805847168
2021-11-01,1508.0860137939453
2021-11-02,1510.5801191329956
2021-11-03,1524.068016052246
2021-11-04,1536.2631950378418
2021-11-05,1558.9018754959106
2021-11-08,1573.2773342132568
2021-11-09,1566.4260120391846
2021-11-10,1541.6121187210083
2021-11-11,1549.1435985565186
2021-11-12,1569.2542533874512
2021-11-15,1585.025577545166
2021-11-16,1575.0912532806396
2021-11-17,1570.7663459777832
2021-11-18,1574.602991104126
2021-11-19,1575.6238059997559
2021-11-22,1561.5667037963867
2021-11-23,1558.1536273956299
2021-11-24,1574.7566623687744
2021-11-26,1522.4542293548584
2021-11-29,1547.7548236846924
2021-11-30,1519.443299293518
2021-12-01,1483.980842590332
2021-12-02,1505.4904499053955
2021-12-03,1488.5886058807373
2021-12-06,1519.4733657836914
2021-12-07,1556.57594871521
2021-12-08,1574.1596584320068
2021-12-09,1557.5549278259277
2021-12-10,1561.2172508239746
2021-12-13,1540.902666091919
2021-12-14,1540.3721809387207
2021-12-15,1573.6736278533936
2021-12-16,1548.387701034546
2021-12-17,1542.665729522705
2021-12-20,1517.6094646453857
2021-12-21,1568.3099250793457
2021-12-22,1572.7057628631592
2021-12-23,1592.1406154632568
2021-12-27,1619.4487190246582
2021-12-28,1619.9738941192627
2021-12-29,1613.846134185791
2021-12-30,1606.8861961364746
2021-12-31,1593.1602153778076
2022-01-03,1627.0397472381592
2022-01-04,1632.7031440734863
2022-01-05,1599.7623558044434
2022-01-06,1605.3593559265137
2022-01-07,1606.2529392242432
2022-01-10,1599.3226165771484
2022-01-11,1624.5080337524414
2022-01-12,1625.9708232879639
2022-01-13,1616.1708660125732
2022-01-14,1631.0803661346436
2022-01-18,1596.060251235962
2022-01-19,1568.1415100097656
2022-01-20,1541.4139556884766
2022-01-21,1504.0836429595947
2022-01-24,1503.574010848999
2022-01-25,1502.725025177002
2022-01-26,1487.0007400512695
2022-01-27,1462.7721118927002
2022-01-28,1497.016077041626
2022-01-31,1538.4473400115967
2022-02-01,1562.2274417877197
2022-02-02,1579.198278427124
2022-02-03,1478.0410499572754
2022-02-04,1478.2638273239136
2022-02-07,1474.4537649154663
2022-02-08,1504.0930013656616
2022-02-09,1531.159969329834
2022-02-10,1508.379153251648
2022-02-11,1467.7340822219849
2022-02-14,1460.533712387085
2022-02-15,1496.9814100265503
2022-02-16,1488.075382232666
2022-02-17,1454.268458366394
2022-02-18,1439.4369535446167
2022-02-22,1419.2545585632324
2022-02-23,1392.914529800415
2022-02-24,1414.306390762329
2022-02-25,1446.2176723480225
2022-02-28,1449.0035858154297
2022-03-01,1396.1393222808838
2022-03-02,1431.202229499817
2022-03-03,1409.6094913482666
2022-03-04,1378.3280696868896
2022-03-07,1323.6036615371704
2022-03-08,1330.971429824829
2022-03-09,1367.7314777374268
2022-03-10,1346.4597034454346
2022-03-11,1325.2971725463867
2022-03-14,1317.1057147979736
2022-03-15,1351.8430614471436
2022-03-16,1399.2239208221436
2022-03-17,1414.8339309692383
2022-03-18,1436.8677806854248
2022-03-21,1426.1126737594604
2022-03-22,1443.5480785369873
2022-03-23,1423.5706090927124
2022-03-24,1457.7495851516724
2022-03-25,1464.4739246368408
2022-03-28,1469.934687614441
2022-03-29,1495.0309162139893
2022-03-30,1485.2187023162842
2022-03-31,1453.4908380508423
2022-04-01,1452.5057573318481
2022-04-04,1473.6552228927612
2022-04-05,1446.2547092437744
2022-04-06,1429.0384368896484
2022-04-07,1428.0581741333008
2022-04-08,1419.09725856781
2022-04-11,1393.961573600769
2022-04-12,1389.1159133911133
2022-04-13,1412.7631034851074
2022-04-14,1395.2749700546265
2022-04-18,1397.4951791763306
2022-04-19,1426.3721418380737
2022-04-20,1415.7874794006348
2022-04-21,1389.9281024932861
2022-04-22,1359.0888023376465
2022-04-25,1371.1753883361816
2022-04-26,1327.9351682662964
2022-04-27,1304.6455001831055
2022-04-28,1349.4032888412476
2022-04-29,1305.7731161117554
2022-05-02,1320.9768600463867
2022-05-03,1334.108546257019
2022-05-04,1383.1585817337036
2022-05-05,1330.7314624786377
2022-05-06,1324.574836730957
2022-05-09,1275.1305198669434
2022-05-10,1280.315541267395
2022-05-11,1253.544934272766
2022-05-12,1244.4898862838745
2022-05-13,1281.4418783187866
2022-05-16,1276.359245300293
2022-05-17,1309.9519987106323
2022-05-18,1256.4024744033813
2022-05-19,1246.9350681304932
2022-05-20,1239.2578983306885
2022-05-23,1265.1534662246704
2022-05-24,1236.8255224227905
2022-05-25,1252.7916250228882
2022-05-26,1288.7975330352783
2022-05-27,1320.170753479004
2022-05-31,1317.0701627731323
2022-06-01,1303.2649822235107
2022-06-02,1337.0968780517578
2022-06-03,1310.1193399429321
2022-06-06,1313.0362520217896
2022-06-07,1321.9683246612549
2022-06-08,1307.2167673110962
2022-06-09,1264.0105028152466
2022-06-10,1223.4917106628418
2022-06-13,1167.165551185608
2022-06-14,1171.944546699524
2022-06-15,1198.6835279464722
2022-06-16,1155.1102228164673
2022-06-17,1170.288558959961
2022-06-21,1181.709493637085
2022-06-22,1178.551257133484
2022-06-23,1181.271460533142
2022-06-24,1223.3745851516724
2022-06-27,1218.0330696105957
2022-06-28,1192.5301609039307
2022-06-29,1189.2499523162842
2022-06-30,1177.1534242630005
2022-07-01,1179.3912925720215
2022-07-05,1189.9284400939941
2022-07-06,1190.0428638458252
2022-07-07,1215.542558670044
2022-07-08,1215.7333717346191
2022-07-11,1196.4684896469116
2022-07-12,1204.5166549682617
2022-07-13,1200.7854051589966
2022-07-14,1201.0082426071167
2022-07-15,1226.708703994751
2022-07-18,1220.1151971817017
2022-07-19,1253.0458545684814
2022-07-20,1269.6471700668335
2022-07-21,1276.4303827285767
2022-07-22,1254.1479606628418
2022-07-25,1250.9433069229126
2022-07-26,1232.4127826690674
2022-07-27,1263.1684827804565
2022-07-28,1259.856056213379
2022-07-29,1266.3898849487305
